fips_full,rural_urban,avg_ratio
01001,urban,1.7888088821806474
01003,urban,1.5972739314408781
01005,rural,1.3243904318317525
01007,urban,0.7409394895202944
01009,urban,0.6866389516596959
01011,rural,2.4647628020866765
01013,rural,1.2527899459798981
01015,urban,3.6299229234202937
01019,rural,1.0853037397507894
01021,urban,0.5501118695252172
01025,rural,0.6159588221326413
01027,rural,0.8692153651015143
01031,rural,4.192919432618321
01033,urban,1.9318312319789712
01035,rural,0.8373058751541851
01039,rural,1.7337506912197262
01041,rural,1.4549352455352824
01043,rural,1.815725769673448
01045,rural,0.7434995275302326
01047,rural,3.7085666396325694
01049,rural,3.346795289946738
01051,urban,0.45604083420628205
01053,rural,0.9832738745820431
01055,urban,4.290032445739512
01057,rural,1.0250975416564976
01059,rural,1.3530220238566035
01061,urban,0.9673951641143559
01063,urban,0.7896662358488791
01065,urban,0.4299569333206038
01069,urban,2.920798016174218
01071,rural,1.1202900253689878
01073,urban,3.289615335447266
01077,urban,2.736195034401235
01079,urban,0.608013812572805
01081,urban,0.9078571725784069
01083,urban,1.2157938065318543
01089,urban,2.6894066240199486
01091,rural,0.8615183175591881
01093,rural,1.1846182845708961
01095,rural,0.7163523287787823
01097,urban,1.7399743701614407
01099,rural,0.512733725440198
01101,urban,2.048557182228526
01103,urban,1.2411104791944
01107,urban,0.542593131998078
01109,rural,1.003745407821577
01111,rural,0.5861034366651825
01113,urban,1.559984516537578
01115,urban,1.7604231502101233
01117,urban,3.320711956481908
01119,rural,1.0961117890647265
01121,rural,2.2280794398383215
01123,rural,0.5125281622966497
01125,urban,1.628015816771628
01127,urban,4.194989077253321
01129,rural,0.6415970943231887
01131,rural,0.21817440642868718
01133,rural,1.6076205999368234
04001,rural,0.4798285427847614
04003,urban,0.5517506751449287
04005,urban,1.0038405302432882
04007,rural,0.8746933913121667
04009,rural,0.4111269105510595
04013,urban,2.7094168892845794
04015,urban,3.3996053080034736
04017,rural,0.9908757576038114
04019,urban,2.877087304498515
04021,urban,1.5525815435933552
04023,rural,1.3618368511889478
04025,urban,1.5825750366434344
04027,urban,1.4527838671446502
05001,rural,0.5745384727956252
05003,rural,0.5640668700587422
05005,rural,1.082949591398845
05007,urban,1.8351386464927257
05009,rural,0.8962691857477746
05011,rural,0.4984342820543479
05015,rural,0.37988392982833546
05017,rural,0.7168478836767522
05019,rural,0.730400739157197
05021,rural,0.4837475476794551
05023,rural,0.3878552586124203
05027,rural,0.6059822007112287
05029,rural,0.38371907550054396
05031,urban,2.4588153149105656
05033,urban,1.3610329385492423
05037,rural,0.3693627152971638
05039,rural,0.1404874689822272
05041,rural,0.380250173714087
05043,rural,0.9529507398130488
05045,urban,1.8671276633818858
05047,rural,0.5909181310612204
05049,rural,0.7233595338673459
05051,urban,2.503832807566795
05055,rural,0.9331981109937637
05057,rural,1.5507661909717718
05059,rural,1.3315010460031567
05061,rural,0.4482731991582852
05063,rural,1.0080631408835399
05065,rural,0.6778427014381871
05067,rural,1.046148542929528
05069,rural,1.970652506302902
05071,rural,0.6718292371734388
05075,rural,0.30236707283329695
05081,urban,0.18928448381294868
05083,rural,0.5862643482905792
05091,urban,2.151786953605295
05093,rural,0.982065978108251
05103,rural,0.8401851882945367
05107,rural,1.6251942388369627
05113,rural,0.6899073303083714
05115,rural,2.964166118177323
05119,urban,2.2146472278956466
05121,rural,0.770309285224914
05123,rural,1.8714328450038196
05125,urban,1.52255651329934
05127,rural,0.5090494556358014
05131,urban,2.548762498365369
05137,rural,0.6897227824313725
05139,rural,3.9157443911623053
05141,rural,0.5773760038217609
05143,urban,2.999153058083071
05145,rural,2.1921450063097887
05149,rural,0.9885837625601359
06001,urban,2.7595579462849535
06005,rural,1.3654816239264858
06007,urban,1.5938478916675594
06009,rural,0.8621336189606941
06011,rural,1.1827442471139638
06013,urban,2.153351581778997
06015,rural,1.1831191969024026
06017,urban,1.577286258373927
06019,urban,1.6888867259824094
06021,rural,0.8800630083307341
06023,rural,1.2330499855490478
06025,urban,1.4532368714282629
06027,rural,0.39160445727177856
06029,urban,1.859194073819556
06031,urban,1.4769508778145803
06033,rural,0.7585631358892185
06035,rural,0.5106947511924634
06037,urban,3.0999415090780835
06039,urban,1.448819754730952
06041,urban,2.213915762802189
06043,rural,0.5005299362064877
06045,rural,1.1419818433947024
06047,urban,1.7585243771562038
06049,rural,1.1141065365033558
06051,rural,0.3650189283128447
06053,urban,2.002500537549903
06055,urban,2.4680511309933326
06057,rural,1.1811844328129
06059,urban,3.27905364400579
06061,urban,1.6975099265980824
06063,rural,0.36031778269205006
06065,urban,3.342493699656352
06067,urban,2.501968192654426
06069,urban,0.9116700054650858
06071,urban,2.8552837985133235
06073,urban,3.0473597338438836
06075,urban,1.9317419274550136
06077,urban,3.208374502013718
06079,urban,3.6487387002185483
06081,urban,1.9021943657940448
06083,urban,2.646321747534933
06085,urban,3.5065431105845946
06087,urban,2.365500869598947
06089,urban,3.3217784709784026
06093,rural,0.6384495991256354
06095,urban,2.319892513568502
06097,urban,1.6519172987860806
06099,urban,2.995031127025434
06101,urban,0.9527970377304111
06103,rural,1.2662679929144947
06105,rural,0.5428678526664193
06107,urban,2.319015889022188
06109,rural,1.4015580373651542
06111,urban,2.4378134958825695
06113,urban,1.5630878842328166
06115,urban,2.38078721181894
08001,urban,3.272914978035323
08003,rural,0.5621349386989095
08005,urban,3.6352626561347754
08007,rural,0.16724724582071498
08009,rural,0.6100425720487647
08013,urban,2.0472003425499063
08014,urban,1.1465874873709923
08015,rural,0.2636386334083388
08017,rural,0.16950366249689072
08021,rural,0.3631261803021838
08029,rural,0.5194395594675502
08031,urban,3.3566529053125165
08035,urban,1.7843208415734029
08037,rural,0.4901174016682073
08041,urban,3.168864659998037
08043,rural,0.723355026549857
08045,rural,0.567830207504532
08049,rural,0.11207201321654778
08051,rural,0.23180774516603223
08055,rural,0.4770597130555938
08059,urban,2.320341170555045
08061,rural,0.2975678644247783
08067,rural,0.9690090183527479
08069,urban,1.2724877655964513
08071,rural,0.325430553427685
08073,rural,0.27579695257377473
08075,rural,0.3879465748847705
08077,urban,1.5641058759860382
08081,rural,0.474834171382148
08083,rural,0.34693703859514563
08085,rural,0.6255633921083803
08087,rural,0.6125807527628542
08089,rural,0.4982044319392151
08095,rural,0.36775271300022594
08097,rural,0.22795807912893787
08099,rural,0.2182084431647755
08101,urban,3.4276046851610085
08103,rural,0.4206264843177614
08105,rural,0.26634503025303397
08107,rural,0.4267910662078928
08115,rural,0.3747938207837833
08117,rural,0.4657180845633124
08119,urban,0.36351196018023474
08123,urban,1.4076008472229
08125,rural,0.2802791364388278
10001,urban,1.4894524413960213
10003,urban,2.051837337478295
10005,rural,0.9776167539177697
12001,urban,3.4475434624635817
12003,urban,6.676561439095897
12005,urban,2.523709178631852
12007,rural,1.215393382858641
12009,urban,2.913436790575509
12011,urban,3.169659863662214
12013,rural,0.43160275001937337
12015,urban,6.457578662275696
12017,urban,6.193738378805936
12019,urban,6.23697829440247
12021,urban,3.1623358486098962
12023,rural,3.16803463441311
12031,urban,3.079867560106255
12033,urban,3.220380130721921
12035,urban,1.6762372507556247
12037,rural,0.18369466349577807
12039,urban,28.977270682694943
12045,rural,0.574079147429489
12049,rural,1.0082536550096732
12051,rural,0.2227488112214858
12053,urban,4.672079622832838
12055,urban,2.5450386756926777
12057,urban,4.018746995372286
12059,rural,0.5640621608844475
12061,urban,2.528290901829682
12063,rural,0.5609676584193176
12069,urban,2.785586187269707
12071,urban,3.1270826880719134
12073,urban,2.9218023457797146
12081,urban,4.305078338634762
12083,urban,3.714084064313723
12085,urban,2.641931599245758
12086,urban,3.498299667692779
12087,rural,0.7420459868472974
12089,urban,1.666582404175967
12091,urban,4.596782538833769
12093,rural,3.5604651228014865
12095,urban,3.1187898971629213
12097,urban,4.1090240792279
12099,urban,4.771106429647224
12101,urban,4.595335812972514
12103,urban,3.8365266979331207
12105,urban,3.490241019243168
12107,rural,4.187855177906452
12109,urban,2.3499360495941053
12111,urban,4.92704846526862
12113,urban,3.317933466047735
12115,urban,3.414903103459444
12117,urban,3.3521158306673215
12119,urban,3.242838393445887
12121,rural,1.5296900626961225
12123,rural,0.31912618418455396
12125,rural,0.9372517377208783
12127,urban,2.6318976776617897
12131,urban,1.2567981996920456
12133,urban,0.6463088993867961
13001,rural,0.7857870722910187
13005,rural,1.029277218643894
13009,rural,1.3332886880532986
13013,urban,1.531500700919509
13015,urban,4.286544986848685
13017,rural,0.7772909484071228
13019,rural,1.0993294591014044
13021,urban,3.400136934045107
13023,rural,0.4410847643522559
13027,urban,0.9201482782738344
13031,rural,2.700005488018537
13033,urban,0.5255313801643745
13035,urban,0.8687452617663188
13039,rural,0.7600592781881785
13043,rural,0.6029115185996791
13045,urban,1.2042969910446126
13051,urban,2.780057308455217
13057,urban,1.9061778310786797
13059,urban,2.400993171636997
13063,urban,2.7841774205267913
13065,rural,0.57037790902228
13067,urban,1.9187157145235474
13069,rural,1.1636952276350034
13071,rural,1.083670751622651
13075,rural,0.6954430428974308
13077,urban,1.7576232468955024
13081,rural,0.8868496914140017
13087,rural,0.8346125424399695
13089,urban,2.2048045733795787
13091,rural,0.9371091402835994
13095,urban,1.3583582040397437
13097,urban,2.481379570901128
13099,rural,0.9346272561020639
13103,urban,0.4384472168224673
13105,rural,0.547453391944979
13107,rural,0.9308284204573374
13109,rural,0.9845921694354376
13111,rural,1.7478505811326408
13115,urban,3.372555849365828
13117,urban,1.931978043329665
13119,rural,1.0310701842594372
13121,urban,2.6819487107804605
13127,urban,1.404526140315138
13131,rural,0.7174026161704663
13133,rural,0.6924096858321578
13135,urban,2.3199521661178126
13137,rural,0.8115979659478528
13139,urban,2.193681293803065
13143,urban,0.46719047267234337
13151,urban,2.1943237193748204
13153,urban,1.4021630489147001
13155,rural,0.84881042711869
13157,rural,0.8480566632066653
13159,urban,0.5086974616272917
13161,rural,1.0831352372654035
13163,rural,0.350303047644872
13165,rural,0.6580203978969368
13173,urban,0.737652615831782
13175,rural,3.953036453487699
13179,urban,0.6029805458448944
13185,urban,1.5293024922389324
13189,urban,0.7546648762648451
13193,rural,1.4700246182792625
13199,urban,1.903749866821179
13201,rural,0.6265648447538765
13205,rural,0.8261083131909246
13207,urban,0.7827053179357013
13211,urban,0.4597605754154106
13213,urban,0.7498646212387666
13215,urban,1.8838170976259778
13217,urban,2.1264664603291
13223,urban,2.1143339025572123
13225,urban,0.7336001113009903
13227,urban,1.6595301628703798
13233,rural,0.44695996832271145
13235,rural,0.6097852550097573
13237,rural,0.3432685965341518
13241,rural,0.48777023655403695
13243,rural,0.5314280808403259
13245,urban,3.020134597092861
13247,urban,2.8377342207491822
13251,rural,0.6455925244127332
13253,rural,0.871961124572179
13255,urban,3.20213657180899
13257,rural,0.6818464035707028
13261,rural,1.1601173936559286
13267,rural,1.9076725460835526
13275,rural,1.309035432438987
13277,rural,1.0716501493749306
13279,rural,0.8404836062937519
13281,rural,0.6422247899324101
13285,rural,2.1244231847615267
13291,rural,0.6622341253499504
13293,rural,1.2422603831223908
13297,urban,2.4285696758201856
13299,rural,3.1720181682095956
13303,rural,0.424928105837948
13305,rural,1.0546582599898247
13313,urban,1.6955912159597912
13317,rural,0.45403047636341787
13321,urban,0.5679117207240402
15001,rural,1.0106953064402344
15003,urban,1.2935338153173515
15007,rural,0.9431297609118866
15009,urban,0.8879975810874766
16001,urban,1.5443409316878849
16005,urban,1.4922492785756003
16007,rural,0.42793139278255515
16009,rural,0.21426114187032996
16011,rural,1.3645780676684793
16013,rural,0.4213005128247763
16017,rural,0.3445577767636259
16019,urban,0.2194744105737311
16021,rural,0.3441135493526498
16023,urban,0.043289059365917336
16027,urban,1.1694682551376914
16029,rural,0.2741979645511303
16031,rural,0.5343134758820515
16035,rural,0.4012323374540451
16039,rural,0.5079551803625846
16041,urban,0.553996715839524
16045,urban,0.1907895994332061
16047,rural,0.2669608301490612
16049,rural,0.24764697581613726
16053,urban,0.470924874339189
16055,urban,1.4318142622553471
16057,rural,0.35307322844143646
16059,rural,0.24079323922289167
16061,rural,0.284022650729803
16065,rural,0.5360675644405664
16067,rural,0.36660510294578685
16069,urban,0.9850691976593027
16071,rural,0.39919205932907825
16077,rural,0.3731588675218616
16079,rural,0.23452818954470905
16081,rural,0.1512953021611426
16083,urban,1.0314338014152227
16085,rural,0.2072968859151026
16087,rural,0.2705322395571925
17001,rural,1.7541378071237723
17005,urban,0.4901776820395611
17011,rural,0.4645514228789931
17019,urban,1.7444214312751156
17021,rural,0.2858173144085878
17025,rural,0.33885393318308493
17027,urban,0.45881872877898217
17029,rural,0.7527942275164193
17031,urban,2.1339074970543797
17033,rural,0.31263982023354087
17037,urban,2.4292136721838067
17043,urban,1.7276477832155337
17045,rural,0.16064671063464864
17049,rural,0.649559792811378
17051,rural,0.47180302680609226
17053,urban,0.5489975079429564
17055,rural,0.16163623866476548
17057,rural,0.6181615257371706
17061,rural,0.14379015686413055
17063,urban,0.9904712067203298
17065,rural,0.46400466078780545
17067,rural,0.29941406257713865
17069,rural,0.40049904291722893
17073,urban,0.27189006689168754
17075,rural,0.4362174866103086
17077,rural,0.14207238191835925
17081,rural,1.3659907077524849
17083,urban,0.26889324686843963
17085,rural,0.40599228901099504
17089,urban,2.40984724133411
17091,urban,2.7207865042278168
17095,rural,1.6523942601927382
17097,urban,2.2987134151588084
17101,rural,0.2344381598088217
17103,rural,0.8867762802340525
17105,rural,0.9407736644278779
17107,rural,0.4155749964012159
17109,rural,0.5320847715421613
17113,urban,1.5992755923844129
17115,urban,1.3420108626909446
17117,urban,0.24581798464285476
17119,urban,1.6407600743485475
17121,rural,0.7894813121774304
17125,rural,0.20131709594975714
17127,urban,0.28954380432999904
17131,urban,0.15419232774346497
17135,rural,0.29385696148366913
17137,rural,1.030982490237517
17141,rural,0.14994520131128555
17143,urban,2.289892140364128
17145,rural,0.22411587259546847
17147,urban,0.23553332020444745
17149,rural,0.31082844415296734
17157,rural,0.5380665163728297
17159,rural,0.7593971427122305
17161,urban,1.0026049472219312
17163,urban,1.2646715018022545
17165,rural,0.46832140392792415
17167,urban,2.073900387018306
17169,rural,0.10023518634768505
17173,rural,0.32518663455108054
17177,rural,1.1207503789157625
17179,urban,1.0174150063253795
17181,rural,0.5253164317297226
17183,rural,1.1965731148040828
17185,rural,0.5309874156994493
17187,rural,0.1883787419301455
17189,rural,0.20006277299395742
17191,rural,0.45604808818077497
17195,rural,0.482865222324834
17197,urban,1.7662648859150036
17199,rural,2.2504301634588773
17201,urban,1.7922738234330107
17203,urban,0.2732227756701181
18001,rural,0.40139979697804995
18003,urban,2.2378961430083883
18005,urban,0.9067288369424154
18009,rural,0.39333468697448265
18011,urban,0.6219641666120584
18017,rural,0.283389696400541
18019,urban,1.976829410065615
18021,urban,0.15863639274747401
18023,rural,0.3211435250728771
18027,rural,0.6989260482343302
18029,urban,0.7773459269305736
18031,rural,0.2793698460012446
18033,rural,0.7139657977775141
18035,urban,1.7402439660823958
18037,rural,0.5349023654926204
18039,urban,0.8854834184791027
18041,rural,0.41978756085692825
18043,urban,1.9306765901454677
18049,rural,0.3910467269150184
18051,rural,0.18310595033894556
18053,rural,0.587539627673947
18055,rural,0.29890511217650323
18057,urban,1.3618073996896505
18059,urban,0.5008432509663072
18061,urban,0.5623292319448033
18063,urban,1.0764549987010683
18065,rural,0.7139562342647745
18067,urban,1.3060274941829826
18069,rural,0.687164968807959
18071,rural,0.42970604460562234
18073,urban,0.24213846503418246
18075,rural,0.4663212099798349
18077,rural,0.34292206277709064
18079,rural,0.13628726614608863
18081,urban,1.50189749723134
18083,rural,0.8879558950748845
18085,rural,0.8738824177404887
18087,rural,0.5797729698932524
18089,urban,2.2556419164253425
18093,rural,0.49221281498382163
18095,urban,0.7311111400322
18097,urban,1.849039625176146
18099,rural,1.0794000360306717
18103,rural,1.5167645411257475
18105,urban,1.684337203365732
18113,rural,0.44464287804140207
18117,rural,0.2530199518384502
18123,rural,0.43100081559875747
18127,urban,1.6363513279968855
18131,rural,0.40590511414590946
18133,rural,0.29290831730922895
18135,rural,0.372889901809467
18137,rural,0.26506888598048917
18139,rural,0.18596742329006616
18141,urban,1.6763743130711375
18143,rural,0.6642334884507989
18145,urban,0.6278861231908924
18149,rural,0.7391784052828235
18151,rural,0.35784795285654036
18153,urban,0.3598090035020175
18157,urban,1.5295378571900031
18159,urban,0.5575436850101366
18163,urban,1.77992281732347
18165,urban,0.3429233780041951
18167,urban,1.522599131363205
18169,rural,0.3841162579832055
18171,urban,0.4389953349026886
18173,urban,0.8630519675025178
18175,urban,0.09079928319397981
18177,rural,0.4777298566350813
18179,urban,1.6013867032760754
18181,rural,0.35918210201621503
18183,urban,0.5675213334869945
19001,rural,0.08153753166647582
19003,rural,0.12450104322599982
19005,rural,0.4368597519687768
19007,rural,0.16460057749230667
19009,rural,0.10267327828962783
19011,urban,0.25886204831481147
19013,urban,0.8743595221464431
19015,urban,0.20904500500300743
19017,urban,0.2031383574755452
19019,rural,0.17855826599580019
19021,rural,0.31186354336014904
19025,rural,0.16408002230618707
19027,rural,0.35914908919111854
19029,rural,0.23038253991392957
19033,rural,1.1687367893357827
19035,rural,0.19776993134736953
19037,rural,0.19726296799528426
19039,rural,0.1380828351971342
19041,rural,0.46314039324339784
19043,rural,0.2472741825887974
19045,rural,0.5354689744075454
19047,rural,0.22834100367478416
19049,urban,0.1031701111373812
19051,rural,0.11927022127237046
19053,rural,0.16179619659883862
19055,rural,0.25564274594746683
19057,rural,0.827494925463714
19059,rural,0.46211194367319575
19061,urban,0.94845443721864
19063,rural,0.3200152189391992
19065,rural,0.24631651960010892
19067,rural,0.3256134915462859
19069,rural,0.3089569828925677
19071,rural,0.29735554278613263
19073,rural,0.16377190145259682
19075,urban,0.14840076738955044
19077,urban,0.19507174022266732
19079,rural,0.26518058754445917
19081,rural,0.2666081755822432
19083,rural,0.1354796479048857
19085,urban,0.1931858944661009
19087,rural,0.23966234442250006
19089,rural,0.22170136184692338
19091,rural,0.2164976811378596
19093,rural,0.2550858305727605
19095,rural,0.17708451566129452
19097,rural,0.13924924881443557
19099,urban,0.49335350706222114
19101,rural,0.23540841983776328
19103,urban,1.7092215054910307
19105,urban,0.15233149279091016
19107,rural,0.11569575478024896
19109,rural,0.29563894957796555
19111,rural,0.43948057089192033
19113,urban,1.1279864414761396
19117,rural,0.12474960315757995
19119,rural,0.2130459798993487
19121,urban,0.13531005978717509
19123,rural,0.36889937789163707
19125,rural,0.21745866883585546
19127,rural,0.46702677876523985
19131,rural,0.14787242800500253
19133,rural,0.22862464301790855
19135,rural,0.1166265499459802
19137,rural,0.2749370476846674
19139,rural,0.38732194982414564
19143,rural,0.22822931554820816
19145,rural,0.2407151815020337
19147,rural,0.2711520778109193
19149,rural,0.21635627859542989
19151,rural,0.1380765372395441
19153,urban,2.484938753550634
19155,urban,1.6686790762252066
19157,rural,0.6240888754081098
19159,rural,0.15755483135222598
19161,rural,0.1169245283542966
19163,urban,2.5539493460151856
19165,rural,0.21728535510967711
19167,rural,0.258788032665357
19169,urban,0.8105355829822706
19175,rural,0.2614892151182535
19177,rural,0.22117532410270324
19179,rural,1.0524556001548746
19183,urban,0.19977306017809998
19185,rural,0.3141765436028226
19187,rural,0.7849353069537651
19191,rural,0.2359096552562152
19193,urban,1.6472069420006776
19197,rural,0.5778953193343348
20001,rural,0.33088259253716235
20003,rural,0.32356850995028397
20005,rural,0.43770852293577506
20007,rural,0.3373908469402257
20009,rural,0.38601709213251645
20011,rural,0.5580106081777053
20013,rural,0.4550916112176271
20015,urban,0.9366585875979002
20019,rural,0.3110798297756573
20021,urban,1.1092831668546919
20023,rural,0.23647289131775664
20025,rural,0.263816946024891
20027,rural,0.31461029311248
20029,rural,0.35951089529439867
20031,rural,0.31010697767881085
20033,rural,0.2639819435579086
20035,rural,0.6263126612001824
20037,rural,0.6220853685381261
20039,rural,0.24254079412653123
20041,rural,0.553801643496674
20045,urban,0.7264659784066368
20047,rural,0.38669233782708223
20051,rural,1.117331698674319
20053,rural,0.22722865232145928
20055,rural,1.092492931454228
20057,rural,1.1298370729759695
20059,rural,0.7155117134816052
20061,urban,0.7299355963224308
20063,rural,0.5751619645382817
20065,rural,0.24662843660779857
20067,rural,0.54202792949612
20071,rural,0.45029805336501394
20073,rural,0.48654857089158804
20075,rural,0.20947434132667903
20077,rural,0.19175259313484389
20079,urban,0.54458162276351
20081,rural,0.35821670078643647
20083,rural,0.41491906242804
20085,urban,0.19331879107326735
20087,urban,0.8500237209922465
20089,rural,0.28870539080769053
20091,urban,1.6320428279183006
20093,rural,0.5344017449703612
20095,rural,0.38511396969793305
20097,rural,0.16526647682595072
20099,rural,0.6692906776074776
20101,rural,0.28239534787060494
20103,urban,1.9790351990362864
20105,rural,0.39815077888943834
20109,rural,0.39577180589084904
20111,rural,0.46278433206612324
20113,rural,0.5737688431264776
20115,rural,0.4183376878210982
20117,rural,0.37035966234515166
20119,rural,0.4111230464208913
20121,urban,8.587219309833456
20123,rural,0.7333080942477759
20125,rural,0.6742915880651136
20127,rural,0.3091228500418879
20129,rural,0.45382222513117165
20131,rural,0.31569924321420934
20133,rural,0.6033505642525728
20135,rural,0.415948987170653
20137,rural,0.19102856367303
20141,rural,0.3306822286691209
20143,rural,0.5375861215650696
20145,rural,2.3848299756885063
20149,urban,0.22112829315858296
20151,rural,0.6669541189625082
20153,rural,0.39506493924016184
20155,rural,1.2748949946991817
20157,rural,0.4691128006825359
20159,rural,0.298387364374492
20161,urban,1.0742347692961958
20163,rural,0.3594377057099015
20165,rural,0.4808511039668864
20167,rural,0.3214622983677577
20169,rural,1.0812814482305684
20171,rural,0.36791027385271446
20173,urban,2.3929651783315196
20175,rural,1.2808280518891813
20177,urban,1.5503688931322843
20179,rural,0.6032553207638266
20181,rural,0.22487857112389387
20183,rural,0.3021329477421023
20185,rural,0.19224809305241913
20187,rural,0.3742360666156733
20189,rural,0.41972391363143996
20191,urban,0.4170660142917894
20193,rural,0.4650148097802858
20195,rural,0.5583981797422024
20201,rural,0.4617554362190387
20203,rural,0.3894527139184448
20205,rural,0.31485464729156026
20209,urban,3.262069482382297
21001,rural,0.3198212378050086
21003,urban,1.0933663163690894
21009,rural,0.7173751058915063
21013,rural,1.0322778448438248
21015,urban,1.583216764011762
21017,urban,1.674322470935639
21019,urban,1.463881678037034
21021,rural,3.5837468082428137
21025,rural,2.5785325752354273
21027,rural,0.5072824588549967
21033,rural,0.1832433181106512
21035,rural,0.9832744382976571
21037,urban,4.061422193725286
21041,rural,0.25974844160973276
21045,rural,0.6086000940894452
21047,urban,1.70031364756026
21049,urban,1.3062080311281115
21051,rural,0.8599231094267378
21053,rural,0.6696097273500314
21055,rural,0.744425701615797
21057,rural,0.2499554967447087
21059,urban,1.0775018363301816
21065,rural,0.769879746786989
21067,urban,1.9143471993684402
21069,rural,0.7072799592787898
21071,rural,1.301030893784853
21073,rural,3.140552838130272
21081,urban,0.11380312690294243
21083,rural,2.111571752610008
21085,rural,0.9455363604115096
21087,rural,0.545147781593079
21089,urban,1.4384498070807816
21093,urban,1.5542276725185318
21095,rural,1.4040638354078694
21097,rural,0.5017013877294749
21099,rural,0.6063738996218351
21101,rural,0.966887961314329
21107,rural,3.0842165769384513
21111,urban,2.5007531668686274
21115,rural,3.6009801246489173
21117,urban,1.3950053635857533
21121,rural,0.7933702949187827
21125,rural,1.433472583925954
21127,urban,2.3776567253192336
21131,rural,1.105747450594754
21133,rural,1.540762102681788
21137,rural,0.5229500415453868
21139,urban,0.6125773076391468
21141,rural,1.1688667156371075
21151,rural,0.9119462484656498
21155,rural,1.102167002456989
21157,rural,0.3253630601635866
21161,rural,1.293902743241463
21167,rural,0.4511497737219665
21171,rural,0.7009849027195727
21173,rural,0.678214959564412
21175,rural,0.48416302736826566
21177,rural,1.1681428872348794
21179,urban,0.824058453237029
21183,rural,0.29233659602441175
21185,urban,0.31897138644957157
21193,rural,2.177984185822571
21195,rural,1.821564452077152
21199,rural,2.5149137819146024
21203,rural,1.6295285618810165
21205,rural,1.0093423805677928
21207,rural,0.3507000133880089
21209,urban,1.0527978776716447
21213,rural,0.6213922827058352
21217,rural,0.4882538704714053
21221,urban,0.3014527842607587
21225,rural,0.5939369416208113
21227,urban,2.3430884103485585
21231,rural,0.33260961482059026
21235,rural,2.9255159910315873
21239,urban,0.6144369855864955
22001,urban,0.3957495705311705
22003,rural,1.3259493390989385
22005,urban,2.215685680274114
22007,urban,0.02688181441684505
22009,rural,0.29275203956040324
22011,rural,1.2827966251529503
22017,urban,2.697208875302908
22019,urban,2.4636361435732996
22021,rural,0.5069510257686924
22023,urban,1.4235612160268887
22027,rural,1.2438064011499217
22029,rural,0.8395488402929383
22031,urban,0.1703819915160368
22033,urban,1.4237785376551584
22035,rural,0.2453546164879664
22039,rural,1.6904058898530496
22041,rural,0.42365616518416443
22051,urban,1.9031825332017187
22053,urban,1.0326175875757584
22055,urban,0.9609409213543525
22059,rural,1.0904927017783372
22061,rural,3.2510146509456046
22065,rural,0.27983416457545407
22069,rural,0.995025309958411
22071,urban,1.811152137154399
22073,urban,0.31111539523233733
22077,urban,0.1369200683410491
22079,urban,1.6993329696515218
22081,rural,1.4225261891902905
22083,urban,0.5745555664080996
22099,urban,0.5546257854855555
22101,rural,2.454791148464661
22103,urban,2.021223114423725
22105,urban,2.6506091765785187
22111,urban,0.2683800273899392
22113,urban,0.9047722343111341
22115,rural,1.5566508768964253
22119,rural,0.5596034317316361
22123,rural,0.5705697084951011
23001,urban,1.0019004737331092
23003,rural,0.5089669749359441
23005,urban,0.874660968241931
23007,rural,0.4861115510348341
23009,rural,0.3356848073802848
23011,rural,0.48514952601121736
23013,rural,0.6706073997323488
23015,rural,0.3864879938046751
23017,rural,0.3295165297983682
23019,urban,0.6479061065634381
23021,rural,0.24957503584760837
23025,rural,0.26432616517174984
23027,rural,0.26806688554525265
23029,rural,0.26442592182673136
23031,urban,0.4710225227243063
24003,urban,0.7708231404551047
24005,urban,0.659987302646854
24009,urban,0.5508471626360927
24013,urban,0.6464252936464281
24015,urban,0.4360819839366352
24017,urban,0.6409007876314503
24021,urban,0.6416888480031422
24025,urban,0.6455523007469093
24027,urban,0.7324736572232737
24029,rural,0.23688961338151465
24031,urban,0.7797129341536776
24039,urban,0.1326157539852639
24041,rural,0.4720067047763251
24043,urban,0.836195950330838
24045,urban,1.0053544846199058
24047,rural,0.32601516821116794
25001,urban,0.9196065568344264
25003,urban,0.4168400804976299
25005,urban,1.5734341224681054
25007,rural,0.22368706406714742
25009,urban,1.2265362594656897
25011,rural,0.8023132379129996
25013,urban,3.106180550255012
25015,urban,0.7832162688775147
25017,urban,1.1364181063674874
25019,rural,0.2004069642257051
25021,urban,1.3011800729235057
25023,urban,1.2149665902052373
25025,urban,1.0366907124089402
25027,urban,1.18637448080178
26001,rural,1.6570338014663093
26003,rural,0.20008440784475856
26005,rural,0.5343379451954781
26007,rural,0.5680651781213718
26011,rural,0.5245393588889202
26013,rural,0.22062771433560502
26015,urban,0.3444564678499433
26017,urban,2.0836773210828103
26019,urban,0.19929506760629806
26021,urban,0.7354246438463661
26023,rural,0.6998650629804029
26025,urban,2.7423020876174036
26027,urban,0.3742433687467343
26029,rural,0.22872581966108613
26033,rural,0.4873719623697433
26037,urban,1.1830396279483195
26039,rural,0.6017504713922248
26041,rural,0.34373582406044295
26043,rural,0.5427172704811406
26045,urban,0.14917807492353113
26047,rural,1.0876568669542102
26049,urban,2.5008442235523924
26051,rural,0.1907736393868852
26053,rural,0.3265595757983454
26055,urban,1.320859422281718
26057,rural,0.6764045727383634
26059,rural,0.6144017755241694
26061,rural,0.4743782590813094
26063,rural,0.30982965515794403
26065,urban,1.8984667011677263
26067,urban,0.24152037480065433
26071,rural,0.3822398054589725
26073,rural,0.651498169967588
26075,urban,1.5819672419058277
26077,urban,5.416216536433326
26079,urban,0.23297036863997728
26081,urban,1.4612875728957364
26091,rural,0.7060045666848991
26093,urban,0.934042033196231
26095,rural,0.2574531270668341
26097,rural,0.1865043999333468
26099,urban,2.179482636732474
26101,rural,0.36573154389419615
26103,rural,0.8726644396966645
26105,rural,0.4561138275107964
26107,rural,0.4768082373039565
26111,urban,0.9511794201891812
26117,urban,0.3331383865562188
26121,urban,1.814687056198838
26123,rural,0.2856466885853596
26125,urban,1.5839176225110758
26127,rural,0.11570259513914694
26129,rural,0.8871499567356844
26131,rural,0.3905305583090256
26133,rural,0.14140228811456765
26137,rural,0.3739620785858422
26139,urban,0.7590123365960656
26145,urban,2.6067341820471923
26147,urban,1.5684606899619065
26149,rural,0.3293072946595792
26151,rural,0.14579089319198957
26153,rural,0.14586545219846297
26155,rural,0.9027891311084083
26157,rural,2.0278539698065514
26159,rural,0.28838413964923826
26161,urban,3.130245374111372
26163,urban,2.5332265606790414
26165,rural,0.5702681185580166
27001,rural,0.300229927561226
27003,urban,1.7945046458702243
27005,rural,0.335816521700544
27007,rural,0.6650260554064292
27011,rural,0.3775605821530311
27013,urban,0.6429681143120636
27015,rural,0.2460549637371141
27017,urban,0.376898042388004
27019,urban,0.7555184716391186
27023,rural,0.30429034813206196
27025,urban,0.8513438455667657
27029,rural,0.24324455487260913
27031,rural,0.3375584004423635
27033,rural,0.2534294799154355
27035,rural,0.504119685283396
27037,urban,0.9074384018707558
27041,rural,0.6323804049745458
27043,rural,0.3330717022038638
27049,rural,0.3322167128613827
27051,rural,0.09796969182313806
27053,urban,1.8396365505706163
27057,rural,0.7951369194094153
27059,urban,0.7479555575591592
27061,rural,0.3867425212802021
27063,rural,0.1429114111823654
27065,rural,0.23237695964609695
27067,rural,0.5721364187517577
27069,rural,0.47911334476681133
27071,rural,0.24630509160717265
27073,rural,0.5222183974744778
27075,rural,0.22769774962611175
27079,urban,0.5648709168419369
27081,rural,0.5210821368702782
27083,rural,0.29990639906300814
27085,rural,0.5004084943783927
27087,rural,0.5637978698729557
27089,rural,0.28062468751575464
27091,rural,0.33062090363172797
27093,rural,0.36605617506655114
27095,urban,0.5052002521405989
27097,rural,0.35255073280299243
27099,rural,0.32491660586197474
27101,rural,0.3140214613967375
27103,urban,1.061993529210461
27105,rural,0.4313019588751745
27107,rural,0.08886677103817818
27109,urban,0.7426487532117327
27111,rural,0.43835755499271933
27113,rural,0.5803344843237914
27115,rural,0.1783901548787869
27117,rural,0.20531816071570247
27119,urban,0.4140031029080145
27121,rural,0.31395588120682205
27123,urban,1.78978335937245
27127,rural,0.25507164445354735
27129,rural,0.27675189528407956
27131,rural,0.5558668613735425
27133,urban,0.24592637011667798
27135,rural,0.27963193517984875
27137,urban,0.5932090477728021
27139,urban,0.5187815088560843
27141,urban,0.6283364319285274
27143,rural,0.16890492382937908
27145,urban,0.5696954929797073
27147,rural,0.9488002614051938
27149,rural,0.301070877932825
27151,rural,0.31437942395348084
27153,rural,0.3733570007770276
27155,rural,0.15216162912149267
27157,urban,0.4296348722442672
27159,rural,0.3176105146133151
27161,rural,0.2225384238572207
27163,urban,1.0792382446230118
27165,rural,0.2235247069924426
27167,rural,0.5629025571980776
27169,rural,0.27091335120092264
27171,urban,0.5602989973613937
27173,rural,0.43079098726997456
28001,rural,4.216572794058353
28003,rural,1.8120809023621813
28007,rural,0.4368181085905924
28011,rural,2.514814370279895
28013,rural,0.7621210577075592
28017,rural,0.8210196061435898
28019,rural,0.6390784819560728
28021,rural,1.6667458463101774
28023,rural,0.43317332293099853
28025,rural,0.8018883915571837
28027,rural,2.372719585462583
28029,urban,0.5474259914163786
28031,rural,0.35763199331183626
28033,urban,2.446338955686285
28035,urban,1.9975238377839233
28037,rural,0.9755342725603212
28039,rural,0.41552355591608736
28041,rural,0.36117708207379046
28043,rural,0.9129328228663054
28045,urban,0.5735639333134935
28047,urban,3.595391172030578
28049,urban,3.582074299759184
28051,urban,0.3566552630932277
28059,urban,2.717433644089392
28061,rural,0.7694980714981011
28063,rural,1.1524391600352857
28065,rural,0.5676078226859848
28067,rural,0.8750450971742509
28069,rural,0.3993255790282088
28071,rural,1.813482582035864
28073,urban,4.764142682515587
28075,rural,2.4993850121159835
28077,rural,0.4503022907242974
28079,rural,0.4803444580725801
28081,rural,4.251390297416107
28083,rural,1.1489439517792612
28085,rural,0.604306698328809
28087,rural,1.5057338301918066
28089,urban,2.0744276651720712
28091,rural,1.023037164707112
28093,urban,0.7433989743134932
28095,rural,1.1869803459463002
28097,rural,0.6924933118399317
28099,rural,0.5273516667231334
28101,rural,0.4899247045799928
28103,rural,0.5468344382424009
28105,rural,0.7863655519139212
28107,rural,1.2814874759905215
28109,rural,0.9627616741855228
28111,urban,0.1742678098587495
28113,rural,1.0370498263806458
28115,rural,0.5745661571364178
28117,rural,1.5985840747542501
28119,rural,0.087594180992641
28121,urban,2.814531694482695
28123,urban,0.5735676639532528
28125,rural,0.7207224787938057
28127,urban,0.8013764889557115
28129,rural,1.0938842271075786
28131,urban,0.8832579055444452
28133,rural,0.5236393656111525
28135,rural,0.6882858942105448
28137,urban,1.012870294412542
28139,rural,0.8509895524113984
28141,rural,1.1391069035657257
28145,rural,0.8121717342735644
28147,rural,0.31277355160754977
28149,rural,4.299192404727708
28151,rural,2.588021278016953
28153,rural,0.6329756535677215
28155,rural,1.0658522962865453
28157,rural,0.43263145153011673
28159,rural,0.6401295744955731
28161,rural,0.6085940622206097
28163,urban,0.5417265678464991
29001,rural,1.8493320323519022
29005,rural,0.27619390716719944
29007,rural,0.5155246041613866
29009,rural,0.3811990641320178
29011,rural,0.48145957037127884
29013,urban,0.47065685520779
29019,urban,2.131613078672942
29021,urban,1.6484729618691114
29023,rural,2.8245669441255226
29027,urban,1.3984898815696396
29029,rural,1.3899682742839965
29031,urban,2.2288614561133717
29033,rural,0.18803544663624122
29037,urban,1.5581275389512694
29039,rural,0.34699467069788836
29047,urban,1.9189884899236915
29049,urban,0.6516089475285313
29051,urban,0.9213439105341733
29053,urban,0.844519082244461
29055,rural,0.5190298263585723
29065,rural,0.4318348580006127
29069,rural,1.9865977456687087
29071,urban,1.2585345284766785
29073,rural,0.4822519242966933
29075,rural,0.233244379240364
29077,urban,2.378299888960468
29079,rural,0.25226358056894155
29081,rural,0.20365958092689035
29083,rural,0.6650359983155315
29091,rural,0.5331680993034617
29093,rural,0.4588324357476061
29095,urban,2.1659699678321043
29097,urban,1.9020252207875066
29099,urban,1.833809529594976
29101,rural,0.5922637646264606
29105,rural,0.4622718670316638
29107,urban,0.8136654081887975
29109,rural,0.5850132125800713
29113,urban,0.420039599372039
29115,rural,0.20032356490051884
29117,rural,0.38190869086190427
29121,rural,0.3670448548701183
29123,rural,0.5472214769814161
29127,rural,0.9193837273055132
29145,urban,1.079687085571269
29147,rural,0.4024206367422011
29155,rural,0.7672064842892758
29157,rural,0.5021020483539382
29159,rural,0.6141525581564486
29161,rural,1.3726336160727113
29163,rural,0.2682700468569024
29165,urban,2.2056658940085767
29167,urban,0.48414289189417836
29171,rural,0.40200277930468314
29175,rural,1.963466464341473
29177,urban,0.315414150330916
29181,rural,0.4096177660801494
29183,urban,1.4743136105655106
29185,rural,0.2472837199544638
29186,rural,0.3110141563963334
29187,rural,1.3846235542616179
29189,urban,1.544555798023146
29195,rural,0.5634919018435497
29199,rural,0.512320415854527
29201,rural,1.418038699614145
29207,rural,0.40019853394422283
29211,rural,0.25360176902066883
29213,rural,1.3324529393927906
29215,rural,0.5333435269600943
29217,rural,0.8297471092847234
29221,rural,0.40961877710388117
30001,rural,0.20004365270132163
30003,rural,0.35219489953830313
30007,urban,0.4641951956786909
30009,urban,0.3787611643456351
30011,rural,0.5043434022332278
30013,urban,0.7832626890710805
30015,rural,0.5499594187853496
30017,rural,0.436768665868304
30019,rural,0.3837428446028076
30021,rural,0.33039146699422683
30023,rural,0.6270726984962396
30025,rural,0.24861947651447852
30027,rural,0.2389900700425444
30029,rural,0.7783399727766019
30031,urban,0.41333071482413336
30033,rural,0.7782065289224962
30035,rural,0.16355306419578383
30039,rural,0.741964356456379
30041,rural,0.5342402410950426
30047,rural,0.2698253268112837
30049,urban,0.8752803077398374
30051,rural,0.2613948842597417
30053,rural,0.20787514744633082
30055,rural,0.6973822191766046
30057,rural,0.23372219677757294
30059,rural,0.37048233941203207
30061,urban,0.5083061414637012
30063,urban,0.9526524574944467
30067,rural,0.28275036056954556
30071,rural,0.20177927723332795
30073,rural,0.3421218025481317
30077,rural,0.181416328208822
30079,rural,0.6542363019706954
30081,rural,0.36135191766129676
30083,rural,0.34247577246658034
30085,rural,0.3019881134773638
30087,rural,0.5215484443034467
30089,rural,0.4120984926421237
30091,rural,0.4235544717801563
30093,rural,1.2530669851487677
30095,urban,0.3752977456742791
30099,rural,0.330115491487049
30101,rural,0.29586235617996004
30105,rural,0.13112541247949064
30107,rural,0.447322660231146
30111,urban,1.2745603957555645
31001,rural,0.7566023707703757
31003,rural,0.23504605852146548
31011,rural,0.2713498092692512
31013,rural,0.34863987109889605
31015,rural,0.17818211833928904
31017,rural,0.14747676006710797
31019,rural,1.4247007517266654
31021,rural,0.09437001855182431
31023,rural,0.2763086636936353
31029,rural,0.18021691102422882
31031,rural,0.28839566991507987
31033,rural,0.3859361888407256
31037,rural,0.13594406689328636
31041,rural,0.17187539136033364
31045,rural,0.27718177853862624
31047,rural,0.20211835604076897
31053,rural,0.5845957691477821
31055,urban,1.5050627665893366
31057,rural,0.23701331121530486
31059,rural,0.37083545146313124
31061,rural,0.05973949819742228
31065,rural,0.3332583287672584
31067,rural,0.277205934909409
31069,rural,0.4513290852747531
31079,urban,1.3257317594504179
31081,rural,0.3380379855763227
31083,rural,0.13644136706960097
31089,rural,0.28659350514421844
31093,urban,0.10954282393041556
31095,rural,0.2603090098837428
31097,rural,0.16534810817859663
31099,rural,0.17786855160508006
31101,rural,0.1783959534593968
31105,rural,0.18482299089286763
31107,rural,0.479331981899947
31109,urban,1.402008071285691
31119,rural,1.0757935104341514
31121,urban,0.18731587850334228
31123,rural,0.1409794372793171
31125,rural,0.5870808460301917
31127,rural,0.14953684667829056
31129,rural,0.2885921490871534
31131,rural,0.15766487725723605
31135,rural,0.26222144846981765
31137,rural,0.3738144443218401
31139,rural,0.27030974298184257
31141,rural,0.39691215165170424
31143,rural,0.18663065588093797
31145,rural,0.23953770798360652
31147,rural,0.3680009280316166
31149,rural,0.36613724796117325
31151,rural,0.17433513155013428
31153,urban,1.080411984165972
31155,urban,0.2463566985214754
31157,rural,1.2357535361720335
31159,urban,0.2012412558003879
31161,rural,0.4776396854952386
31169,rural,0.18350699760723144
31173,rural,0.24475916815836202
31175,rural,0.16332407548750782
31177,urban,0.11801194797307937
31179,rural,0.2478528992294377
31181,rural,0.09768616339634834
31185,rural,0.39340129341057395
32001,rural,0.5632829222015063
32003,urban,3.1071428534025687
32005,rural,0.5292532853853185
32007,rural,0.8829273258281995
32013,rural,0.6392451222734433
32015,rural,0.28588343157459123
32017,rural,0.527616012657353
32019,urban,0.37564180563984606
32021,rural,0.6490064041039337
32027,rural,0.3456991023174709
32031,urban,2.550929578371082
33001,rural,1.012649672845366
33003,rural,0.28546759803212857
33005,rural,0.5843391961437303
33007,rural,0.22872435769220917
33009,rural,0.6167536807960823
33011,urban,0.9297014334270247
33013,rural,0.8444210055376838
33015,urban,1.5812536182484014
33017,urban,0.7270730216566701
33019,rural,0.20643068527877756
34001,urban,3.383558590132966
34003,urban,2.2549494760615234
34005,urban,2.999802849386974
34007,urban,2.51397156445749
34009,urban,2.2210276926007038
34011,urban,1.7049768574232254
34013,urban,4.306765877679589
34017,urban,3.0393750515516156
34021,urban,3.61512599290874
34023,urban,2.8270894171554932
34025,urban,2.408223845960435
34027,urban,2.4256208141755913
34029,urban,2.869146511287076
34031,urban,3.2555827032807194
34033,urban,3.2735269267077
34035,urban,2.1528424830084263
34037,urban,4.940239600094266
34039,urban,2.6859422754828355
34041,urban,3.124345052431284
35001,urban,2.4515732120817875
35005,rural,1.6686019581379352
35006,rural,0.5785348841981504
35009,rural,0.7966087376981918
35015,rural,0.9925082432580691
35017,rural,0.6280933665022841
35019,rural,0.21053414175414717
35025,rural,1.0374637771360162
35027,rural,0.5087667663267565
35028,rural,0.408769439800038
35029,rural,0.7881764938102995
35031,rural,1.0938501430076921
35035,rural,1.6518114723117385
35037,rural,0.18804068906017815
35039,rural,0.6383548977715303
35041,rural,0.2375086663994256
35043,urban,0.9435551460304408
35045,urban,1.188954185268004
35047,rural,1.2924658000165252
35049,urban,1.1111128571126156
35051,rural,0.1756539392969898
35053,rural,0.2758399804821371
35055,rural,0.3437923723145627
35059,rural,0.3489270939551374
36001,urban,1.57908690604988
36003,rural,0.8175244281242455
36005,urban,1.2904533045863564
36007,urban,0.8475717140944733
36009,rural,0.7413354494257888
36011,rural,1.100470062767752
36013,rural,0.6697441190509862
36015,urban,1.1780007175426437
36017,rural,0.6255989936021712
36019,rural,1.156411914407407
36021,rural,0.8797013987359422
36023,rural,0.8604357533927284
36025,rural,0.48828822540193
36027,urban,1.1847721723154303
36029,urban,1.25832254808286
36031,rural,0.25294091282551073
36033,rural,0.6211499406442138
36035,rural,0.7441971115058441
36037,rural,0.7199648203105652
36043,urban,0.3310282288899886
36045,urban,0.42796662444751465
36047,urban,1.7253508849735657
36049,rural,0.5369743547719145
36051,urban,0.48559816276795004
36053,urban,0.6302257923956429
36055,urban,1.377356292362602
36057,rural,0.8407497652137319
36059,urban,2.7478006600292715
36061,urban,1.6429636741068911
36063,urban,1.0049985329219673
36065,urban,1.5649080538584903
36067,urban,1.686378035187562
36069,urban,0.918520089179531
36071,urban,2.584912603578843
36073,urban,0.5593247548513579
36075,urban,0.7082825217236717
36077,rural,0.5384521469100636
36079,urban,1.2026187051830761
36081,urban,1.5144444628402722
36083,urban,0.7530354133449705
36085,urban,2.094659008573964
36087,urban,2.8405505472681223
36089,rural,0.39406752347298885
36091,urban,1.218089623606923
36093,urban,1.747703572166485
36095,urban,0.2237793757189398
36097,rural,0.7735913204967643
36101,rural,0.7338518752995318
36103,urban,2.60209772702284
36105,rural,1.3260376107379108
36109,urban,0.4835415930793383
36111,urban,2.4184248061266533
36113,urban,1.1278744317823908
36117,urban,1.2979107467580158
36119,urban,1.8481293031022916
36123,rural,0.9310284712010096
37001,urban,1.043958571337313
37005,rural,0.24013723357877853
37007,urban,0.5657433395192681
37009,rural,0.44936284859277065
37011,rural,0.9905564525768348
37013,rural,0.92433793954205
37015,rural,0.2584122441245446
37017,rural,0.8842644493445407
37019,urban,1.286819160430307
37021,urban,1.7140924111818565
37023,urban,1.4834000095349764
37025,urban,2.0403293433452006
37027,urban,0.9985806443092542
37031,rural,0.7198413770215167
37035,urban,1.826723404619927
37037,urban,0.49505557003104206
37039,rural,0.530604146838429
37041,rural,0.621502601250864
37045,rural,2.0898055677052163
37047,rural,1.2705635963563011
37049,rural,1.0713902020570922
37051,urban,3.0294635261592653
37055,rural,0.23398641154934213
37057,urban,1.0809991785431077
37059,urban,0.9344082039133752
37061,rural,1.0280228248419205
37063,urban,2.0571442866588074
37065,urban,1.108985006735129
37067,urban,1.608104462416586
37071,urban,1.918959512856215
37077,rural,1.1605504757096372
37081,urban,2.9371604080753433
37083,rural,1.2779559196594563
37085,rural,1.1287158336261203
37087,rural,1.2862040856506922
37089,urban,0.8738626041159515
37091,rural,1.0652474479779621
37093,urban,0.700016368543846
37097,urban,2.0136600881926694
37099,rural,1.0893476075684807
37101,urban,1.5659178462892922
37105,rural,2.2954742175566194
37107,rural,1.1034660490695247
37109,urban,1.2871160668289927
37113,rural,0.45624654977511686
37117,rural,2.3955100722805014
37119,urban,1.9965380453108137
37121,rural,0.3187307179780225
37123,rural,0.4941945026221732
37125,urban,1.6277811488453886
37127,urban,3.444052938666506
37129,urban,1.3163787579554758
37133,urban,1.607577446926119
37135,urban,1.0916274948761229
37139,rural,1.2435066498530256
37141,urban,0.5095148126255695
37145,urban,1.248539911622348
37147,urban,25.203930208104772
37149,rural,0.8360757355680695
37151,urban,1.6055930968279917
37155,rural,1.5302965752932673
37157,urban,1.133643526039529
37159,urban,1.6333602028645593
37161,rural,1.793304827719723
37163,rural,0.9008140635498469
37165,rural,1.1587329543546983
37167,rural,1.592335435024869
37169,urban,0.5745270936467898
37171,rural,0.7792405310427869
37173,rural,0.3785023288554733
37175,rural,0.5153708230447283
37179,urban,1.5433091773928962
37181,rural,1.3934507260780284
37183,urban,1.8495941024978642
37187,rural,0.6084625451789877
37189,rural,0.7891600558187395
37191,urban,9.893880758594715
37193,rural,1.2782881518094495
37195,rural,1.9542172991823097
38001,rural,0.2319565667749249
38003,rural,0.4107061497814598
38009,rural,0.26371426884572624
38011,rural,0.3593484939803306
38015,urban,0.8490541026465269
38017,urban,1.950951655149079
38019,rural,0.3181086533053933
38021,rural,0.26991586648863597
38023,rural,0.5074721526431192
38029,rural,0.13055860826825985
38031,rural,0.24224356943166145
38035,urban,1.381598543088091
38037,rural,0.3848243346415924
38039,rural,0.3447572144564749
38051,rural,0.37134270770997463
38053,rural,0.35715936769004963
38055,rural,0.44968809540990945
38057,rural,0.1561095718708919
38059,urban,3.8961271898281185
38061,rural,0.12137618538653505
38063,rural,0.6740225830881943
38067,rural,0.3674419000388855
38069,rural,0.3476799240051599
38071,rural,0.502433532493045
38073,rural,0.43627585126637003
38079,rural,0.19385804193057837
38089,rural,0.5181155504444444
38093,rural,0.7664485508722688
38095,rural,0.3934199205973555
38097,rural,0.2909043790762808
38099,rural,0.22887576594893017
38101,urban,0.4396012684415355
38103,rural,0.6437006168164462
38105,rural,0.3410222573263701
39001,rural,0.3789028722311796
39003,urban,1.9314997695202798
39005,rural,0.5386045667257233
39007,urban,1.283184819960074
39009,rural,0.47682731541345574
39011,rural,0.4171884929332748
39013,urban,1.1536123068223454
39015,urban,2.6983426996609667
39017,urban,1.9115346995432712
39021,rural,0.9083999054912357
39023,urban,1.7064148808577542
39025,urban,2.024423545451114
39027,rural,0.5941123321219192
39029,rural,1.2466883482304987
39031,rural,1.3209413492070365
39033,rural,0.4368681684357771
39035,urban,1.9054184129645466
39037,rural,0.5641635210250125
39039,rural,0.4795375029618449
39041,urban,1.0439402200169368
39043,urban,0.9334051621026059
39045,urban,1.207048229767243
39047,rural,0.3645014196168191
39049,urban,2.295367715248152
39051,urban,0.3021927108731369
39053,rural,0.7587016576788086
39055,urban,1.4870322988825648
39057,urban,1.7607057803568558
39059,rural,1.324368158244605
39061,urban,2.3425297374438747
39063,rural,0.5309579334882208
39065,rural,0.19842884558344026
39067,rural,0.19349854260300994
39069,rural,0.3404993888284201
39071,rural,0.5797033968146481
39073,urban,0.5202535776418892
39075,rural,0.4833447314854009
39077,rural,0.5332330211580361
39079,rural,0.4019792411725899
39081,urban,0.8466377922206455
39083,rural,0.5815549638623388
39085,urban,1.6450697506201037
39087,urban,0.19547376873999112
39089,urban,2.8891141026103577
39091,rural,0.3234067881537225
39093,urban,2.250342492036292
39095,urban,2.811969504895982
39097,urban,0.5681067863014928
39099,urban,3.249213378205686
39101,rural,0.9830933647900879
39103,urban,0.8402530179690881
39107,rural,0.5045006096082819
39109,urban,1.2847874576382665
39113,urban,2.599874082247786
39117,urban,0.19035097065814535
39119,rural,1.1541146465545498
39123,urban,0.14210815317920594
39125,rural,0.17805559601674417
39129,urban,0.6666175604783672
39131,rural,0.8127417410911294
39133,urban,1.6997769146517108
39139,urban,0.8713583401784722
39141,rural,1.3191315024682075
39143,rural,0.7538566367878148
39145,rural,0.7206615108574568
39147,rural,1.1755691025700572
39149,rural,0.6432290982582387
39151,urban,2.637804115295041
39153,urban,2.2175017371326717
39155,urban,2.476278584206977
39157,rural,0.6319392618303934
39159,urban,0.4423288262723709
39161,rural,1.173577694945101
39165,urban,1.339650037106242
39167,rural,0.7716599481513229
39169,rural,0.6039339262774266
39171,rural,0.5827438028146161
39173,urban,0.441555916779975
39175,rural,0.2748533858697964
40001,rural,0.7911892749277529
40005,rural,0.824671538293507
40007,rural,0.3497893377462562
40009,rural,0.9233274238633221
40011,rural,0.359484555655205
40013,rural,5.637387423453802
40015,rural,0.6639069563305073
40017,urban,1.9742857527586946
40019,rural,0.9325732747540861
40021,rural,1.1886041078718004
40023,rural,0.8624483292313435
40027,urban,3.4670371569286322
40029,rural,0.6060307501470317
40031,urban,1.3916187363480301
40035,rural,1.055505106035337
40037,urban,1.2313856713027813
40039,rural,0.7292778662157107
40043,rural,0.7400525111183012
40045,rural,0.5486960430664516
40047,urban,2.9503360702765598
40049,rural,0.4226067362838418
40051,urban,0.5016271935831922
40055,rural,0.8283672144622931
40059,rural,0.45222978915428336
40061,rural,0.8654568036000713
40063,rural,0.8216470651624291
40065,rural,0.8170345685133459
40067,rural,0.12130540271509638
40069,rural,0.6274716706720056
40071,rural,1.628955743274301
40073,rural,0.663423940824451
40075,rural,0.6841958248042418
40079,rural,0.4817128424071856
40081,urban,0.9710503087571654
40083,urban,0.5274645883434029
40085,rural,0.4772541859313222
40087,urban,0.484844872294829
40089,rural,0.76018774171849
40093,rural,0.29050778263283605
40095,rural,0.5420845512432358
40099,rural,0.6097405785648125
40101,rural,4.424502934746945
40103,rural,0.8414239220504168
40105,rural,0.5120275596793129
40107,rural,0.243989993914763
40109,urban,2.0636102147359785
40111,urban,0.8351161245440791
40113,urban,1.0938471626322221
40115,rural,1.215403281339696
40117,urban,0.32960365226671606
40119,rural,0.8598192751331833
40121,rural,1.2190997312665373
40123,rural,1.2067971863795584
40125,rural,2.4833722552442743
40127,rural,0.9885636907448173
40131,urban,1.574126936713569
40133,rural,0.7335397368524015
40135,urban,0.6885839352736103
40137,rural,1.3559135195600107
40139,rural,0.5406779770173179
40143,urban,2.4826203752115825
40145,urban,0.9774497607737267
40147,rural,1.0847985412206322
40149,rural,0.3686042911571987
40151,rural,0.3451367980583229
40153,rural,1.2554693894313664
41003,urban,0.9412650274965217
41005,urban,0.9352303299694036
41007,rural,0.320050221616894
41011,rural,0.6966103048250722
41013,urban,0.30311241807819483
41015,rural,0.1558528439992586
41017,urban,1.3067606764751523
41019,rural,0.7135336241538857
41023,rural,0.1983609366723687
41025,rural,0.2755842168175682
41029,urban,1.314465956518243
41031,urban,0.46684312183440396
41033,urban,1.497550299950397
41035,rural,0.9045735617161448
41037,rural,0.346737682228745
41039,urban,1.0443855189924118
41041,rural,0.29167227986637656
41043,urban,0.41908848917755054
41045,rural,0.5804896837407888
41047,urban,0.8831623335987485
41049,rural,0.141926962630165
41051,urban,1.6658912153943126
41053,urban,0.16245532213778308
41057,rural,0.3212579023474034
41059,rural,0.33614813974343555
41061,rural,0.2633048629938871
41063,rural,0.2893176333735158
41065,rural,0.43536327444241607
41067,urban,1.0181651797606488
41071,urban,0.7372475647972307
42001,urban,0.6357459005307007
42003,urban,2.6950612108084115
42005,urban,0.7973500803691297
42007,urban,2.3258367621250673
42009,rural,1.5952798677168503
42011,urban,1.3336060072882083
42013,urban,1.0153314478739033
42015,rural,0.8920589278031436
42017,urban,2.3405634820400807
42019,urban,1.5252266265410899
42021,urban,2.282158479402379
42025,urban,2.5400053107499962
42027,urban,1.2074088264637843
42029,urban,3.075720736106192
42031,rural,1.3837930384993
42033,rural,0.6008420683933648
42035,rural,1.1011749272125888
42037,rural,2.168515348014826
42039,rural,0.4850584313940047
42041,urban,2.626902293730654
42043,urban,1.8520468944376904
42045,urban,3.334446588707466
42047,rural,0.5287099487230593
42049,urban,2.6949359588719606
42051,urban,0.8068607881072405
42055,urban,1.4537792142808452
42057,rural,0.3888833558030936
42059,rural,0.45530136249500097
42061,rural,0.6190108170469343
42063,rural,0.8980197755706099
42065,rural,0.41183005165006764
42069,urban,2.8607807662974714
42071,urban,1.7783745110199312
42073,urban,0.5372274860674733
42075,urban,1.0513542802647744
42077,urban,2.3125583224520754
42079,urban,2.8996126586422446
42081,urban,0.9495029204473037
42085,rural,1.122560287577559
42087,rural,1.1151629874456623
42089,rural,2.6214271243393132
42091,urban,2.328412040100582
42093,rural,3.190604961269125
42095,urban,1.8694530718126736
42097,rural,2.011773690016274
42101,urban,2.8199629083406643
42105,rural,0.2814774972761281
42107,rural,2.040689084568588
42111,rural,0.587892023333345
42115,rural,0.4291658272691663
42117,rural,0.7323601894274475
42119,rural,1.042067386226183
42121,rural,1.227126189050678
42123,rural,0.5687061860039085
42125,urban,1.1762251991702997
42127,rural,0.7064254329133179
42129,urban,1.825672125400743
42133,urban,1.0502531942727216
44003,urban,1.2379497161751203
44005,urban,1.1906451122328572
44007,urban,1.7064796415322991
44009,urban,0.9168973444745762
45001,rural,0.21875045099685558
45003,urban,3.718570145738436
45005,rural,0.25091415801121525
45007,urban,1.6004189541857734
45013,urban,1.7426134006936032
45015,urban,1.0862138007168136
45019,urban,2.2518786536885713
45021,rural,1.072355143481903
45023,urban,1.4256359478974694
45025,rural,1.8340084670848718
45027,rural,1.4178332648031944
45029,rural,3.0354104432533577
45031,urban,2.989628319708797
45033,rural,1.5619511963079902
45035,urban,4.7093560639773155
45037,urban,0.2799324219222719
45039,urban,0.0039274363796014
45041,urban,3.3851600709020255
45043,rural,1.3554662473320387
45045,urban,2.135990582496013
45047,rural,1.3239509563406733
45049,rural,0.5954168916796253
45051,urban,3.0145186284705687
45053,urban,2.1319916703624266
45055,urban,1.4125130188870627
45057,urban,4.193536929233537
45059,urban,0.9195851695724759
45063,urban,2.2557031032540396
45067,rural,2.823059086684417
45071,rural,0.904695913426244
45073,rural,1.3907368089090018
45075,rural,1.482203992300859
45077,urban,0.9293072719596239
45079,urban,1.7756199436793374
45083,urban,1.9147928502846019
45085,urban,1.4617839982221539
45087,urban,0.5386088661010026
45089,rural,0.6669543513503801
45091,urban,2.3739847950249535
46005,rural,0.6197079322258118
46007,rural,0.5325376408813958
46009,rural,0.30897998235050783
46011,rural,0.41873205077734754
46013,rural,0.587387334742046
46015,rural,0.45759074081655415
46023,rural,0.39901006945443823
46027,rural,0.185572423413285
46029,rural,0.44253283353675704
46033,urban,0.4528091931233157
46035,rural,0.5800645319587062
46037,rural,0.22558720889694026
46039,rural,0.2964193624036816
46043,rural,0.27344137047952877
46045,rural,0.5396016864687533
46047,rural,0.5593865253393875
46049,rural,0.28214599716754424
46051,rural,0.30289204975376893
46053,rural,0.4942713990485232
46055,rural,0.7333377088207873
46059,rural,0.39306155177896007
46065,rural,0.6130675932431654
46067,rural,0.5372935778161954
46073,rural,0.4139528165007757
46077,rural,0.17375168638687258
46079,rural,0.3560126633577765
46081,rural,0.47511354342127615
46083,urban,0.9820118364411738
46091,rural,0.3144318712569743
46093,urban,0.6706786874104274
46099,urban,1.5158713092502287
46101,rural,0.28939100556539216
46103,urban,1.1446586127352096
46107,rural,0.5894899940921473
46109,rural,0.29583118130370795
46115,rural,0.2702290854313688
46123,rural,0.730951176795763
46125,urban,0.4815282032820116
46127,urban,0.7999854393985714
46129,rural,0.2521078030868152
46135,rural,0.608698426424706
47001,urban,1.0519821187271328
47003,rural,1.56194536187439
47005,rural,0.5018970650611131
47007,rural,0.4574657113554276
47009,urban,1.3991030892584273
47011,urban,4.719844629365404
47013,urban,1.5756413394513158
47015,urban,2.3900107941432913
47017,rural,1.8850596539747724
47019,urban,2.857293692634804
47021,urban,0.9987217551348844
47025,rural,0.944858863175756
47027,rural,0.9397229911844248
47029,rural,2.4418622955187463
47031,rural,2.1207390081747697
47035,rural,1.3735608643255417
47037,urban,3.126562036631728
47041,rural,1.084750395178553
47043,urban,2.7718483134102767
47045,rural,2.9658495544516543
47049,rural,2.1569707842299657
47051,rural,1.7203283767381918
47053,urban,1.2427068282040508
47055,rural,1.622787734653167
47059,rural,1.4741584387278872
47063,urban,1.4652652019918235
47065,urban,2.4403665372066614
47067,rural,0.30763132260806064
47069,rural,0.3035325833916802
47071,rural,0.8958812025536513
47073,urban,0.863656060760416
47077,rural,0.9718554054993337
47079,rural,1.0488602737040733
47081,urban,0.3583590011019032
47083,rural,0.4992710007448249
47085,rural,0.5983378108746557
47089,urban,2.3427224847136374
47091,rural,0.02608722182943236
47093,urban,2.726633741606118
47097,rural,0.6653740510648335
47099,rural,1.9602093872504707
47103,rural,0.45079518521947126
47105,urban,1.2687512451584486
47107,rural,1.3135521204903111
47111,urban,0.7741379696337459
47113,urban,1.6542446090519685
47117,rural,0.21687750192065533
47119,urban,1.806439664105234
47123,rural,1.1035035727745028
47125,urban,2.4184792499748107
47131,rural,1.3909377102142053
47133,rural,2.268274339083833
47135,rural,1.2165449222193558
47141,rural,1.4632185074524746
47143,rural,0.24078630077240176
47145,urban,1.3436339813674267
47147,urban,1.215227913175228
47149,urban,2.4926094444547693
47151,rural,1.4681709889588805
47155,rural,0.783798250363893
47157,urban,3.1115429470222176
47159,urban,1.519035634744236
47163,urban,2.7720535158468285
47165,urban,2.537684644189338
47167,urban,0.2083404150064522
47169,urban,0.8178432948100882
47171,urban,1.2228197705399504
47177,rural,1.8933945169739914
47179,urban,2.537397308009161
47181,rural,0.9330937800429926
47183,rural,1.1887023166182762
47185,rural,1.0961773876813712
47187,urban,1.5477211040485614
47189,urban,3.417173527662985
48001,rural,2.46156498509796
48003,rural,0.4676776797346133
48005,rural,3.0498474616452436
48013,urban,2.507197747546034
48015,urban,0.2035318171640264
48017,rural,0.21649937842434647
48021,urban,0.6653972248877232
48023,rural,0.4877214241485682
48025,rural,1.7161663029517427
48027,urban,2.143135969390338
48029,urban,3.224040601643189
48035,urban,0.28548179134280877
48037,urban,2.536309868752729
48039,urban,2.3704047342408314
48041,urban,1.9303098461238917
48043,rural,1.127774879543376
48051,urban,0.5611658354029258
48053,rural,0.7697973070826118
48055,urban,1.9724432304225517
48057,rural,0.5100005538886088
48061,urban,4.485158529882001
48063,rural,0.7054189585453404
48069,rural,0.18961637698366168
48071,urban,0.17390588026489762
48073,rural,1.1134591136821346
48075,rural,0.4442990843728817
48077,urban,0.22533935687108403
48079,urban,0.1396297290251705
48083,rural,0.5749310954372991
48085,urban,1.9936379484348794
48087,rural,0.19665481755582637
48089,rural,0.31222652829350556
48091,urban,3.066710294026213
48093,rural,0.4825920791222719
48095,rural,0.13233610825082048
48097,rural,0.903301466992644
48099,urban,0.06706610509101038
48103,rural,0.23569751335007783
48107,urban,0.14421914553261753
48109,rural,0.12078558087677509
48113,urban,2.5498314669108124
48115,rural,0.2891037493377126
48117,rural,0.5106217688735438
48121,urban,2.241079035204485
48127,rural,0.7354845028744559
48133,rural,0.7256876392190331
48135,urban,3.079356015974777
48139,urban,1.353782726267613
48141,urban,3.212434459133502
48143,rural,0.9286879972287544
48145,urban,0.24716803687168337
48147,rural,1.2740701563922063
48149,rural,0.6659306263122338
48151,rural,0.13138874926850502
48153,rural,0.3878410174119404
48157,urban,2.785476413795449
48161,rural,0.7093919328594689
48163,rural,0.5423464544331184
48165,rural,0.5355197693707493
48167,urban,1.8528744871826273
48171,rural,0.9380711767751985
48177,rural,0.1777071834119009
48179,rural,1.9596713503753342
48181,urban,2.7716616071571125
48183,urban,3.338240052720918
48185,rural,0.5434423755763773
48187,urban,0.9794677405739115
48189,rural,1.320839168411808
48193,rural,0.49718179142086083
48195,rural,0.21315948931075734
48197,rural,0.22075190932614763
48199,urban,0.4663528932379865
48201,urban,3.228457493774965
48203,urban,2.7288980776191645
48207,rural,0.2475107746922672
48209,urban,2.536010311730847
48211,rural,0.2133355160387902
48213,rural,2.4091017524689966
48215,urban,4.039329363340101
48217,rural,1.3754387688577001
48219,urban,0.49278142867897784
48221,rural,2.345704542402411
48223,rural,2.009730983502444
48225,rural,0.48054577504224927
48227,rural,1.5112057278983204
48231,urban,1.6159595416498422
48233,rural,0.8330488390877623
48237,rural,0.4230682101248462
48239,rural,0.179574350561247
48241,rural,0.5162908556401383
48245,urban,2.5054054230960725
48249,rural,1.980075467158245
48251,urban,1.7800540731388597
48253,urban,0.5946243332677609
48255,rural,0.12887093298319352
48257,urban,1.0240666363703668
48265,rural,1.1465501619740757
48267,rural,0.11715547177355605
48273,rural,2.292938358367251
48275,rural,0.06120336404661111
48277,rural,2.1840960788358608
48279,rural,0.38304667428543876
48281,urban,0.8251831717080214
48285,rural,0.36704582279949394
48291,urban,0.6348541433086067
48293,rural,0.7491793621458577
48299,rural,0.11178381587510466
48303,urban,3.179733073018199
48305,urban,0.34108724357124226
48313,rural,0.7215554322437522
48321,rural,0.6471475288889209
48323,urban,3.4883672273137876
48325,urban,0.36255820537966593
48329,urban,1.9002590204260992
48331,rural,0.14825190416757814
48335,rural,0.22447922772982526
48337,rural,0.5843723875969296
48339,urban,2.596062645674733
48341,rural,0.47738180636680666
48347,rural,3.4058979150003403
48349,rural,2.034198601757553
48353,rural,0.6477472140771465
48355,urban,2.3438494429200234
48357,rural,0.5207630286543323
48363,rural,1.3592471367861099
48365,rural,1.0787364398009385
48367,urban,1.3685605894422193
48369,rural,0.24131177503495244
48371,rural,0.2911530239277567
48373,rural,1.5911195601360126
48375,urban,3.3530756831788335
48383,rural,0.30998192700057736
48389,rural,0.387169031892405
48391,rural,0.24537387414374812
48397,urban,1.3261570045558908
48399,rural,0.3185843989622732
48401,urban,1.3582572658331713
48403,rural,0.20738274998450756
48405,rural,0.3987039040844352
48413,rural,0.15829105595413204
48415,rural,0.3252640166240711
48423,urban,3.7788700299178006
48425,rural,0.4481144822990658
48427,rural,0.535082701835686
48429,rural,0.3569990721369968
48433,rural,0.2319151299213645
48435,rural,0.1551959155794932
48437,rural,0.3503286464465547
48439,urban,2.2102735957807886
48441,urban,3.8779196692414533
48445,rural,0.7020558675047673
48447,rural,0.26520736006594836
48449,rural,0.9824477119470891
48451,urban,1.9685502051038846
48453,urban,2.9375185237083454
48457,rural,0.3716554742813568
48461,rural,0.23195101470712096
48463,rural,0.5183422516636822
48465,rural,0.9438725748866611
48469,urban,3.202097063472201
48471,rural,2.0738780215672423
48475,rural,1.1730754001931591
48477,rural,0.8006088425219265
48479,urban,3.172344736896032
48481,rural,0.5353503694692212
48483,rural,0.1754005024569116
48485,urban,1.499379547167884
48487,rural,0.7326155585038666
48491,urban,2.101735366367646
48493,urban,0.5290497159730345
48495,rural,0.29562622374031544
48497,urban,0.7190156559259381
48499,rural,0.7769749009644699
48501,rural,0.7410650600330341
48503,rural,0.691025951362314
49001,rural,0.40712066657077617
49003,rural,0.5197338656403716
49005,urban,0.6957176323687071
49007,rural,0.664395603165785
49011,urban,1.0356347788881963
49013,rural,0.26576602754579837
49017,rural,0.4231150002038923
49019,rural,0.3053691233358115
49021,rural,0.3900329158163919
49023,urban,0.39379673512550245
49025,rural,0.21349653443716096
49027,rural,0.30676620798149523
49035,urban,1.3996786758629531
49037,rural,0.34237229909159445
49039,rural,0.18572195797537647
49041,rural,0.3430075508626794
49043,rural,0.3609457804513167
49047,rural,0.6152922109706356
49049,urban,1.418845480214432
49051,rural,0.2729011384116619
49053,urban,1.0358848682738173
49057,urban,1.4886423228629555
50001,rural,0.4752482427018883
50003,rural,0.4617451721890761
50005,rural,0.42844352992801515
50007,urban,0.875150868175214
50011,urban,0.47355273151095495
50015,rural,0.4299407392942742
50017,rural,0.45727111989443203
50019,rural,0.47437730521002336
50021,rural,0.7332661506492064
50023,rural,0.4892769520856299
50025,rural,0.49585870205520416
50027,rural,0.5291775321424919
51003,urban,2.22097270511517
51005,rural,1.6862469920708378
51013,urban,1.4304758225268104
51015,urban,7.791710523506289
51017,rural,0.3603652724345307
51019,urban,1.0392374190321036
51027,rural,1.0525874672979227
51035,rural,1.4314173497475524
51041,urban,1.5461812631436596
51047,urban,0.8274994511312473
51051,rural,0.8009087984016625
51053,urban,5.714577554875013
51057,rural,0.7240488826570034
51059,urban,1.9839078806698975
51061,urban,1.1166391657181272
51067,urban,0.7336008645153623
51069,urban,1.1650749287047482
51071,urban,0.5794158943398829
51073,urban,0.7618814937489363
51081,rural,2.366449145045494
51083,rural,1.0198700417696132
51085,urban,1.683396458357792
51087,urban,3.1577294693070503
51095,urban,2.8447416867490567
51103,rural,0.2743025515284036
51107,urban,1.135412672614819
51117,rural,1.0018029947020586
51121,urban,1.49564013684708
51131,rural,0.6463392019420302
51139,rural,0.24160121760279557
51143,rural,7.6705271856319905
51147,rural,1.136163929318391
51153,urban,1.360420180448302
51155,urban,1.279200652195484
51159,rural,1.4524445489256448
51161,urban,4.9938340445867055
51163,rural,0.5821476843260812
51165,urban,0.8095148549428306
51167,rural,1.501914561841683
51171,rural,0.3523078649194719
51173,rural,3.3181037447247874
51175,rural,1.5649715273234073
51177,urban,1.752480681083875
51179,urban,0.9796546430558901
51185,rural,1.5214358875378224
51187,urban,0.622030354182417
51191,urban,1.755793093275089
51195,rural,0.5954600426788627
51197,rural,1.2766006517038981
51199,urban,2.047395360857367
53001,rural,0.39706592899455223
53003,urban,0.3203671039771425
53005,urban,1.0750552450715352
53007,urban,0.4552685631426255
53009,rural,0.3841556588074805
53011,urban,1.741205232427064
53013,rural,0.40384562503343935
53015,urban,1.2152523102699715
53019,rural,0.3597168796548203
53021,urban,0.9377061615921516
53023,rural,0.24087445406094138
53025,rural,0.4579915362493877
53027,rural,0.7941773067481324
53029,rural,0.20869430346781606
53031,rural,0.28620720130793875
53033,urban,1.6480795694931534
53035,urban,2.002120663207135
53037,rural,0.2543268319247167
53039,rural,0.25480936138493065
53041,rural,0.6624849579863914
53043,rural,0.28243596708227225
53045,rural,0.5492515414820003
53047,rural,0.3276276950605866
53049,rural,0.46290697501684147
53051,rural,0.28893197985016145
53053,urban,2.35320821907007
53057,urban,0.724053245510005
53061,urban,1.771529820938584
53063,urban,1.7963980197189768
53065,urban,0.40327112298067186
53067,urban,2.661455308922286
53071,urban,1.1270964034501083
53073,urban,1.342069679759557
53075,rural,0.34600725803483684
53077,urban,1.0707863001924256
54001,rural,0.37889934783614776
54003,urban,0.9257395671905619
54005,urban,0.2383502963389866
54007,rural,0.11746698995095713
54009,urban,1.2336079842220613
54011,urban,2.3888689757617008
54013,rural,0.35109323519714875
54019,urban,0.6179523350505216
54023,rural,0.5826545274964647
54025,rural,0.9564711155591977
54027,urban,0.33688686327588674
54029,urban,4.750205286903368
54033,rural,0.8377059996312816
54035,rural,0.2538075959599872
54037,urban,0.33168177554461764
54039,urban,1.7268026108528671
54041,rural,3.5355951878370235
54045,rural,1.7288695718730651
54049,rural,1.0022578017818418
54051,urban,0.5565897148336207
54053,rural,0.6309371244606263
54055,rural,1.212384737171287
54057,rural,0.33571245373677205
54059,rural,0.6289099232665367
54061,urban,2.0264371369557423
54065,urban,0.3928722111294033
54067,rural,0.5898236569222126
54069,urban,1.1641521679044107
54075,rural,0.17041500373250865
54077,urban,0.17450044441810028
54081,urban,1.9089536324482066
54083,rural,0.45898710003267673
54087,rural,0.3014947065607787
54089,rural,0.6538975294294005
54091,rural,0.20693646170166077
54095,rural,0.04234484766946875
54097,rural,0.18933464979147221
54101,rural,0.09975950779295133
54103,rural,0.5078095040281518
54107,urban,1.524255026060731
55001,rural,0.19275807257150504
55003,rural,0.3284196460771668
55005,rural,0.2777935401814463
55009,urban,1.0374414738550959
55013,rural,0.32408178107803737
55015,urban,0.13832021275183576
55017,urban,0.4961880355740739
55019,rural,0.21816984924617114
55021,urban,0.6456168141798976
55023,rural,0.3279961101967125
55025,urban,2.4631425879484405
55027,rural,0.5907014036324032
55029,rural,0.3195657510159156
55031,urban,0.0975048848200404
55033,rural,0.1924369040024049
55035,urban,0.7364937433404684
55039,urban,0.5789452029519137
55043,rural,0.26245322078501687
55045,urban,0.5030577184464258
55047,rural,0.5645242422960922
55049,urban,0.37897585321693644
55053,rural,0.2232455692896394
55055,rural,0.3358776876800492
55057,rural,0.4468847911646012
55059,urban,0.9232130797442893
55063,urban,0.4647698163505741
55065,rural,0.3303672803237737
55067,rural,0.2590756009921733
55069,rural,0.2687559338164255
55071,rural,0.7137523924464972
55073,urban,1.0133250477050717
55075,rural,0.9224351793061283
55079,urban,1.5844876924715838
55081,rural,0.22298292571884942
55083,urban,0.13770767433172135
55085,rural,0.8465271246886206
55087,urban,0.6319745240049349
55089,urban,1.290223289469034
55091,rural,0.22164167155787876
55095,rural,0.26979333847513853
55097,rural,0.40983165398640303
55099,rural,0.24531785316704569
55101,urban,1.5327581281128313
55103,rural,0.39930261257949257
55105,urban,1.0228230194575538
55107,rural,0.14303858060638105
55109,urban,0.25569053035792405
55111,rural,0.4937757306619376
55113,rural,0.3238566250852847
55115,rural,0.32747698157766864
55117,urban,0.6757987370869165
55119,rural,0.276246472611121
55121,rural,0.3694780568880697
55123,urban,0.29182287709459365
55125,rural,0.348365967738848
55127,rural,0.6804046955041569
55129,rural,0.2679790288160577
55131,urban,0.8203192811949703
55133,urban,1.578450873724353
55135,rural,0.2874038810975573
55137,rural,0.3734102178476666
55139,urban,0.9605735282421397
55141,rural,0.9015466709102489
56001,rural,0.4549638443982367
56003,rural,0.6524113658214143
56005,rural,0.4543325315557315
56007,rural,0.39285510874491314
56009,rural,0.37006553317686675
56011,rural,0.6082997404415122
56013,rural,1.4899036451646368
56015,rural,0.27846016537737156
56017,rural,0.2888271919712601
56019,rural,0.40465991994443007
56021,urban,1.179768814843917
56023,rural,0.3608534195950943
56025,urban,1.222878545196666
56027,rural,0.5618246863600287
56029,rural,0.46756219322099285
56031,rural,0.2765220339546546
56033,rural,0.578280221652791
56037,rural,0.39795283165191264
56039,rural,0.44919904069744343
56041,rural,0.7284239023514831
56043,rural,0.2796591611580536
56045,rural,0.4467932122026407
